start_local,end_local,weekday,duration_h,max_score,mean_actual_MW,holidays
2023-07-19 17:45,2023-07-19 18:00,Wednesday,0.25,0.687754151528415,6324.888027,""
2021-03-28 03:00,2021-03-28 03:15,Sunday,0.25,0.671144679694814,6002.8239485,""
2022-01-16 17:15,2022-01-16 18:00,Sunday,0.75,0.666977581033265,7882.43636883333,""
2022-03-27 03:00,2022-03-27 03:15,Sunday,0.25,0.666780737278547,5501.7029645,""
2021-02-20 17:45,2021-02-20 18:30,Saturday,0.75,0.664423081052246,7024.29961533333,""
2022-01-30 17:45,2022-01-30 18:00,Sunday,0.25,0.658504350606811,7556.491393,""
2022-09-06 12:15,2022-09-06 12:30,Tuesday,0.25,0.654428614451036,6938.5162365,""
2025-03-30 03:00,2025-03-30 03:15,Sunday,0.25,0.653727997406465,5370.29055182773,""
2024-01-16 06:00,2024-01-16 08:00,Tuesday,2,0.652699826222355,8386.8998158125,""
2024-04-15 12:15,2024-04-15 12:30,Monday,0.25,0.649247292721939,6506.447123,""
2021-01-24 17:15,2021-01-24 18:15,Sunday,1,0.648780503889334,7758.411198125,""
2024-02-04 17:30,2024-02-04 18:00,Sunday,0.5,0.646961657913865,6770.2398975,""
2022-09-13 12:15,2022-09-13 12:30,Tuesday,0.25,0.646572894502416,6627.1974845,""
2021-02-14 17:45,2021-02-14 18:15,Sunday,0.5,0.646565394448281,8056.2465335,""
2022-01-29 17:45,2022-01-29 18:00,Saturday,0.25,0.645962301246336,7935.8786615,""
2022-01-23 17:30,2022-01-23 17:45,Sunday,0.25,0.645928434716535,7775.226466,""
2022-03-27 20:00,2022-03-27 20:15,Sunday,0.25,0.643826939737286,6295.4472485,""
2021-09-27 12:15,2021-09-27 12:30,Monday,0.25,0.643467197208199,6837.199951,""
2024-01-15 06:15,2024-01-15 08:15,Monday,2,0.642990028236917,8261.1277341875,""
2021-02-21 17:45,2021-02-21 18:30,Sunday,0.75,0.642300027228452,6681.15186916667,""
2024-01-08 11:00,2024-01-08 13:00,Monday,2,0.640821683648899,9165.6015039375,""
2024-04-22 06:00,2024-04-22 06:15,Monday,0.25,0.639165496692459,6613.1315955,""
2022-10-30 17:15,2022-10-30 17:45,Sunday,0.5,0.638827270817304,5895.606433,""
2024-01-28 17:30,2024-01-28 17:45,Sunday,0.25,0.638761095314937,7047.272306,""
2022-02-05 17:30,2022-02-05 18:15,Saturday,0.75,0.6387496658669,7699.0180675,""
2021-03-30 12:15,2021-03-30 12:30,Tuesday,0.25,0.637637756351368,6975.734863,""
2024-01-27 17:45,2024-01-27 18:00,Saturday,0.25,0.637536002164193,7407.9538455,""
2022-02-13 17:30,2022-02-13 18:15,Sunday,0.75,0.636897296098977,7210.79271233333,""
2022-04-09 00:45,2022-04-09 01:00,Saturday,0.25,0.636597019482794,5712.932207,""
2023-04-29 00:45,2023-04-29 01:00,Saturday,0.25,0.636486961435672,5020.481679,""
2021-02-22 18:15,2021-02-22 18:30,Monday,0.25,0.636246646109097,7958.024549,""
2021-01-10 17:15,2021-01-10 18:00,Sunday,0.75,0.636197788519772,7952.26649816667,""
2021-09-06 12:15,2021-09-06 12:45,Monday,0.5,0.636136837530229,6745.8889345,""
2024-01-20 00:00,2024-01-20 00:15,Saturday,0.25,0.635993505469468,7794.222866,""
2021-04-01 12:15,2021-04-01 12:30,Thursday,0.25,0.6357090078603,6687.220807,""
2022-02-12 17:45,2022-02-12 18:15,Saturday,0.5,0.634837987365232,7863.57004975,""
2022-01-22 17:30,2022-01-22 17:45,Saturday,0.25,0.634761306136977,8029.413307,""
2021-11-02 12:15,2021-11-02 12:30,Tuesday,0.25,0.632820099833445,7757.891648,""
2021-07-11 22:00,2021-07-11 22:15,Sunday,0.25,0.632734974342681,5354.569153,""
2024-01-15 11:00,2024-01-15 12:45,Monday,1.75,0.632631648632712,9061.05131278571,""
2022-05-17 12:15,2022-05-17 12:30,Tuesday,0.25,0.632367315134715,6575.4203845,""
2021-11-07 17:15,2021-11-07 17:30,Sunday,0.25,0.632154211816051,6887.7690075,""
2022-02-20 18:15,2022-02-20 18:30,Sunday,0.25,0.632147321145008,7259.0704765,""
2025-01-15 06:15,2025-01-15 08:00,Wednesday,1.75,0.631941792065471,8628.89659876193,""
2025-03-24 06:00,2025-03-24 06:15,Monday,0.25,0.631939177827949,6176.26680805805,""
2023-01-16 06:30,2023-01-16 07:45,Monday,1.25,0.631825597405182,7954.0909989,""
2025-08-29 07:00,2025-08-29 07:15,Friday,0.25,0.631162531752302,6214.83200410382,""
2025-03-02 17:30,2025-03-02 18:15,Sunday,0.75,0.631067246730703,6840.67609235728,""
2021-06-07 12:15,2021-06-07 12:30,Monday,0.25,0.630752201680779,6995.1893365,""
2021-01-17 17:45,2021-01-17 18:00,Sunday,0.25,0.630727861719295,8068.901201,""
2025-08-28 07:00,2025-08-28 07:15,Thursday,0.25,0.630673926634271,6251.44412410383,""
2022-08-30 12:15,2022-08-30 12:30,Tuesday,0.25,0.630669714902093,6705.4372285,""
2025-03-07 17:45,2025-03-07 18:00,Friday,0.25,0.630190169206532,7215.94536043704,""
2022-03-22 12:15,2022-03-22 12:30,Tuesday,0.25,0.629843921004621,7252.839691,""
2021-06-13 00:45,2021-06-13 01:00,Sunday,0.25,0.629683440089572,4593.5359725,""
2025-02-09 17:30,2025-02-09 18:00,Sunday,0.5,0.629300041429463,7119.98694680943,""
2023-12-03 17:00,2023-12-03 17:15,Sunday,0.25,0.629212307725858,8006.9917355,""
2025-01-14 06:00,2025-01-14 08:00,Tuesday,2,0.629135314834854,8658.74701778011,""
2022-11-07 12:15,2022-11-07 12:30,Monday,0.25,0.628381550599169,6880.024728,""
2021-03-29 12:15,2021-03-29 12:30,Monday,0.25,0.628348162422133,7116.256375,""
2021-03-01 18:30,2021-03-01 18:45,Monday,0.25,0.628128064498954,7946.805156,Republic Day
2024-01-21 17:30,2024-01-21 18:15,Sunday,0.75,0.628011458037998,7945.436903,""
2023-01-15 17:15,2023-01-15 17:45,Sunday,0.5,0.627687222509528,7133.93790075,""
2024-06-16 22:00,2024-06-16 22:15,Sunday,0.25,0.627572756658773,5114.113209,""
2024-01-09 07:15,2024-01-09 08:15,Tuesday,1,0.627558988086566,8790.19169975,""
2022-08-31 12:15,2022-08-31 12:30,Wednesday,0.25,0.6274725053676,6921.8818645,""
2021-02-28 17:45,2021-02-28 18:45,Sunday,1,0.626674734414778,6780.60155425,""
2023-03-13 12:30,2023-03-13 12:45,Monday,0.25,0.626121484890456,6703.213203,""
2022-01-01 17:00,2022-01-01 17:15,Saturday,0.25,0.626025171751524,6388.4094195,New Year's Day
2024-04-14 14:15,2024-04-14 14:30,Sunday,0.25,0.625939563922523,3900.081452,""
2023-08-12 22:00,2023-08-12 22:15,Saturday,0.25,0.625873780079386,5176.9669155,""
2022-05-07 00:45,2022-05-07 01:00,Saturday,0.25,0.625719678295508,5367.783099,""
2022-01-15 17:30,2022-01-15 18:00,Saturday,0.5,0.625708256246102,8314.86801225,""
2022-09-25 00:45,2022-09-25 01:00,Sunday,0.25,0.625656935092803,4617.5221415,Saint Nicholas of Flüe
2021-02-23 12:15,2021-02-23 12:30,Tuesday,0.25,0.625095658239294,7447.528764,""
2022-12-11 17:00,2022-12-11 17:15,Sunday,0.25,0.625071132059268,7815.641242812,""
2021-06-27 22:00,2021-06-27 22:15,Sunday,0.25,0.625062555934639,5463.079949,""
2023-01-16 11:30,2023-01-16 12:30,Monday,1,0.624996546073555,8807.307058,""
2024-01-11 07:15,2024-01-11 07:30,Thursday,0.25,0.62395598127327,8614.3257695,""
2024-01-08 07:15,2024-01-08 08:15,Monday,1,0.623479247172721,8494.63119075,""
2024-03-31 03:00,2024-03-31 03:15,Sunday,0.25,0.623306131016644,5105.8203925,""
2021-04-11 00:45,2021-04-11 01:00,Sunday,0.25,0.622895508660488,5166.7053255,""
2021-02-25 18:15,2021-02-25 18:30,Thursday,0.25,0.622892222712125,7611.910505,""
2025-01-16 07:15,2025-01-16 08:15,Thursday,1,0.622535427881287,8971.60392250359,""
2021-06-08 12:15,2021-06-08 12:30,Tuesday,0.25,0.62252993523651,6929.7814765,""
2023-08-23 00:45,2023-08-23 01:00,Wednesday,0.25,0.622001715467188,5143.13804,""
2024-01-16 11:00,2024-01-16 11:15,Tuesday,0.25,0.621737506554668,8761.8407915,""
2023-02-12 17:45,2023-02-12 18:15,Sunday,0.5,0.621711340344351,6908.0551235,""
2023-01-09 07:30,2023-01-09 07:45,Monday,0.25,0.621567641598076,7773.1978085,""
2023-03-29 12:15,2023-03-29 12:30,Wednesday,0.25,0.621199514728343,7206.801123,""
2021-03-06 18:30,2021-03-06 18:45,Saturday,0.25,0.621066957113812,7414.8704845,""
2022-03-30 12:15,2022-03-30 12:30,Wednesday,0.25,0.620781563641091,7858.556415,""
2024-04-30 12:00,2024-04-30 12:15,Tuesday,0.25,0.620751254202763,6024.591563,""
2023-05-06 00:45,2023-05-06 01:00,Saturday,0.25,0.620468639474241,4849.304423,""
2021-04-27 12:15,2021-04-27 12:30,Tuesday,0.25,0.620358223986831,6865.264327,""
2024-08-31 00:45,2024-08-31 01:00,Saturday,0.25,0.620284958835368,4857.673513,""
2021-02-13 01:00,2021-02-13 01:15,Saturday,0.25,0.618915306637516,7735.7139545,""
2022-11-21 12:15,2022-11-21 12:30,Monday,0.25,0.618910847919154,7639.60522,""
2024-04-21 21:45,2024-04-21 22:15,Sunday,0.5,0.618857643185134,6219.3000385,""
2021-07-06 12:15,2021-07-06 12:30,Tuesday,0.25,0.618593952839157,6956.4307725,""
2021-11-06 17:15,2021-11-06 18:00,Saturday,0.75,0.618592680804061,7569.49494383333,""
2023-01-01 17:00,2023-01-01 17:15,Sunday,0.25,0.618591149778478,5757.8883435,New Year's Day
2021-05-25 12:15,2021-05-25 12:30,Tuesday,0.25,0.618457767193858,6951.0342885,""
2021-09-22 12:15,2021-09-22 12:30,Wednesday,0.25,0.618427151399076,6990.351795,""
2025-03-31 06:00,2025-03-31 06:15,Monday,0.25,0.618366475999974,6122.58141605805,""
2025-01-08 12:15,2025-01-08 12:30,Wednesday,0.25,0.618343258145679,8273.64290365875,""
2022-03-21 12:15,2022-03-21 12:30,Monday,0.25,0.618296141342923,7359.055603,""
2024-03-23 01:45,2024-03-23 02:00,Saturday,0.25,0.618192642398678,5119.251326,""
2021-01-09 01:00,2021-01-09 01:15,Saturday,0.25,0.618124167690868,7380.0308145,""
2024-11-13 06:30,2024-11-13 06:45,Wednesday,0.25,0.617945796560041,7270.77997,""
2022-01-18 12:15,2022-01-18 12:30,Tuesday,0.25,0.617525185011325,8758.921936,""
2025-03-26 06:00,2025-03-26 06:15,Wednesday,0.25,0.617323774691637,6432.67967605805,""
2023-06-11 22:00,2023-06-11 22:15,Sunday,0.25,0.617297171886931,5280.473393,""
2022-04-04 05:00,2022-04-04 05:15,Monday,0.25,0.617090866965607,6612.2762685,""
2022-09-18 00:45,2022-09-18 01:00,Sunday,0.25,0.616827011424138,4600.4181335,""
2024-03-03 18:30,2024-03-03 18:45,Sunday,0.25,0.616638822508795,6846.8410695,""
2024-02-03 17:30,2024-02-03 18:00,Saturday,0.5,0.616577681313342,6974.17109425,""
2021-11-23 12:15,2021-11-23 12:30,Tuesday,0.25,0.616419796722114,8645.988624,""
2024-11-24 17:00,2024-11-24 17:15,Sunday,0.25,0.616407419713057,7118.4805515,""
2023-09-18 12:15,2023-09-18 12:30,Monday,0.25,0.616335917348376,6974.514995,Prayer Monday
2021-03-08 18:30,2021-03-08 18:45,Monday,0.25,0.616217530418713,8008.217832,""
2022-01-11 12:15,2022-01-11 12:30,Tuesday,0.25,0.616204961544199,8869.983944,""
2021-06-21 12:15,2021-06-21 12:30,Monday,0.25,0.616106272522523,6776.7757085,""
2021-08-31 12:15,2021-08-31 12:45,Tuesday,0.5,0.616024209917681,6803.4487365,""
2021-09-23 12:15,2021-09-23 12:30,Thursday,0.25,0.615999306881023,6891.983163,""
2024-02-25 17:30,2024-02-25 18:30,Sunday,1,0.615957516810859,6641.417108375,""
2023-01-19 07:30,2023-01-19 07:45,Thursday,0.25,0.615557063059073,8926.2924525,""
2022-08-23 06:00,2022-08-23 06:15,Tuesday,0.25,0.615369408384194,5391.324408,""
2021-10-23 18:45,2021-10-23 19:00,Saturday,0.25,0.615360917549159,6899.7341105,""
2023-07-08 22:00,2023-07-08 22:15,Saturday,0.25,0.615358782044379,5194.2811715,""
2022-01-27 17:45,2022-01-27 18:00,Thursday,0.25,0.615226304797821,9202.2821285,""
2025-10-14 07:00,2025-10-14 07:15,Tuesday,0.25,0.615183671409964,6721.48775603114,""
2022-05-23 12:15,2022-05-23 12:45,Monday,0.5,0.614918838976551,6828.1580965,""
2025-01-13 06:15,2025-01-13 07:45,Monday,1.5,0.614901581798476,8420.59178198717,""
2021-06-13 22:00,2021-06-13 22:15,Sunday,0.25,0.614778993348339,5439.938317,""
2025-01-17 07:30,2025-01-17 07:45,Friday,0.25,0.614771002454536,8866.15381320306,""
2024-02-18 17:45,2024-02-18 18:15,Sunday,0.5,0.614390534202843,6579.4640035,""
2024-05-21 12:15,2024-05-21 12:30,Tuesday,0.25,0.614295607823478,6628.5392605,""
2021-01-16 22:00,2021-01-16 22:15,Saturday,0.25,0.614202956311202,7369.0441735,""
2022-02-21 07:15,2022-02-21 07:30,Monday,0.25,0.614152389648146,8135.7222775,""
2022-03-29 12:15,2022-03-29 12:30,Tuesday,0.25,0.613961827802378,7228.702507,""
2025-02-04 17:45,2025-02-04 18:00,Tuesday,0.25,0.613805538139638,8720.24978843704,""
2023-01-20 07:30,2023-01-20 07:45,Friday,0.25,0.613714319336554,9068.2380805,""
2024-01-08 21:45,2024-01-08 22:00,Monday,0.25,0.613687958206864,7501.71517,""
2021-03-20 19:00,2021-03-20 19:15,Saturday,0.25,0.613637851095221,7638.331106,""
2024-03-26 12:15,2024-03-26 12:30,Tuesday,0.25,0.61358012971663,6541.884399,""
2023-03-26 03:00,2023-03-26 03:15,Sunday,0.25,0.613477647701592,5387.0780005,""
2025-12-09 06:00,2025-12-09 06:15,Tuesday,0.25,0.613384872285816,6730.14745090737,""
2024-10-28 06:00,2024-10-28 06:15,Monday,0.25,0.613376713541687,5757.2194915,""
2023-10-30 11:30,2023-10-30 11:45,Monday,0.25,0.613290279247392,7762.941132,""
2025-09-23 07:00,2025-09-23 07:15,Tuesday,0.25,0.61321360498754,6477.04424803114,""
2021-12-06 12:15,2021-12-06 12:30,Monday,0.25,0.613172929182881,9045.440184,""
2023-10-30 06:00,2023-10-30 06:15,Monday,0.25,0.612976246449811,6000.3947235,""
2024-01-09 11:00,2024-01-09 11:15,Tuesday,0.25,0.612949811026109,9166.9633635,""
2021-12-05 16:45,2021-12-05 17:00,Sunday,0.25,0.61294979715128,7659.789831,""
2022-03-31 12:15,2022-03-31 12:30,Thursday,0.25,0.612537073354329,7742.915243,""
2022-10-24 11:30,2022-10-24 11:45,Monday,0.25,0.612470263013475,7908.81052,""
2021-11-05 11:30,2021-11-05 11:45,Friday,0.25,0.612450003122871,8470.3779545,""
2023-01-29 17:45,2023-01-29 18:00,Sunday,0.25,0.612284173996263,7751.078085,""
2023-01-22 17:45,2023-01-22 18:00,Sunday,0.25,0.612221108486777,7956.102357,""
2022-01-15 09:00,2022-01-15 09:15,Saturday,0.25,0.612047450905934,7772.360684,""
2021-11-22 11:30,2021-11-22 12:30,Monday,1,0.611911947170014,8998.690244,""
2022-11-02 06:00,2022-11-02 06:15,Wednesday,0.25,0.611857584538018,5834.783556,""
2023-01-21 01:45,2023-01-21 02:00,Saturday,0.25,0.611820012204083,7093.051031,""
2021-05-31 12:15,2021-05-31 12:30,Monday,0.25,0.611793733241807,6583.2728405,""
2025-10-22 06:00,2025-10-22 06:15,Wednesday,0.25,0.611588444775661,5879.36692405805,""
2021-05-28 12:15,2021-05-28 12:30,Friday,0.25,0.611463652792857,6605.8648405,""
2025-04-02 06:00,2025-04-02 06:15,Wednesday,0.25,0.611387396737235,6633.37892405805,""
2022-09-12 06:00,2022-09-12 06:15,Monday,0.25,0.611276833845633,5464.688804,""
2022-05-01 00:45,2022-05-01 01:00,Sunday,0.25,0.611274346177378,5041.2543935,Labor Day
2021-07-18 22:00,2021-07-18 22:15,Sunday,0.25,0.611124114975763,5223.316797,""
2021-10-17 19:00,2021-10-17 19:15,Sunday,0.25,0.611092237498684,6536.2322025,""
2021-05-26 11:30,2021-05-26 11:45,Wednesday,0.25,0.61101813945383,7430.397999,""
2022-06-11 22:00,2022-06-11 22:15,Saturday,0.25,0.610522086032976,5401.9396195,""
2022-02-09 17:45,2022-02-09 18:00,Wednesday,0.25,0.610366313470442,8474.1362685,""
2022-02-27 18:30,2022-02-27 18:45,Sunday,0.25,0.610301077941569,7533.3114855,""
2023-07-12 12:15,2023-07-12 12:30,Wednesday,0.25,0.610242032809693,6815.9620365,""
2023-03-30 11:30,2023-03-30 11:45,Thursday,0.25,0.610157385673083,7879.640192,""
2022-01-17 07:30,2022-01-17 07:45,Monday,0.25,0.610132419434775,8878.4758565,""
2021-08-28 00:45,2021-08-28 01:00,Saturday,0.25,0.610084541333832,4933.748877,""
2022-05-24 12:15,2022-05-24 12:30,Tuesday,0.25,0.610007612684741,7090.6730645,""
2023-07-16 22:00,2023-07-16 22:15,Sunday,0.25,0.609750052013947,5137.710077,""
2023-01-09 11:30,2023-01-09 12:30,Monday,1,0.609672846353355,8139.256744,""
2022-03-15 12:15,2022-03-15 12:30,Tuesday,0.25,0.609627147094398,8260.876256,""
2023-03-12 18:45,2023-03-12 19:00,Sunday,0.25,0.609573111619682,6712.148268,""
2022-11-06 17:30,2022-11-06 17:45,Sunday,0.25,0.609526973677722,6637.188346,""
2022-06-14 12:15,2022-06-14 12:30,Tuesday,0.25,0.609509781613551,6644.4637765,""
2025-03-09 17:45,2025-03-09 18:00,Sunday,0.25,0.609440248550713,6088.83101582536,""
2022-08-24 06:00,2022-08-24 06:15,Wednesday,0.25,0.609320762727804,5431.841028,""
2023-09-13 12:30,2023-09-13 12:45,Wednesday,0.25,0.609252882106428,6797.0357325,""
2022-02-06 17:30,2022-02-06 17:45,Sunday,0.25,0.609090094363407,7617.792702,""
2023-12-02 00:00,2023-12-02 00:15,Saturday,0.25,0.609014619271632,7124.690138,""
2021-03-01 12:15,2021-03-01 12:30,Monday,0.25,0.608926768170061,7487.084384,Republic Day
2024-01-19 07:15,2024-01-19 07:30,Friday,0.25,0.60890179620843,8604.7809015,""
2025-01-16 11:00,2025-01-16 11:15,Thursday,0.25,0.608846319169832,8952.77844661096,""
2024-09-23 06:00,2024-09-23 06:15,Monday,0.25,0.608706502471614,5291.2810475,""
2024-08-27 06:00,2024-08-27 06:15,Tuesday,0.25,0.608657090096867,5271.607332,""
2021-01-28 11:30,2021-01-28 11:45,Thursday,0.25,0.608647522000491,9353.2770865,""
2021-11-18 12:15,2021-11-18 12:30,Thursday,0.25,0.608579828058045,7869.368668,""
2024-09-21 00:45,2024-09-21 01:00,Saturday,0.25,0.608480887166629,4816.313443,""
2025-04-15 06:00,2025-04-15 06:15,Tuesday,0.25,0.608343366011898,5685.78859205805,""
2023-02-21 18:15,2023-02-21 18:30,Tuesday,0.25,0.608326234865308,7621.723229,""
2024-01-12 11:00,2024-01-12 11:15,Friday,0.25,0.608284064711909,9175.6498395,""
2025-03-10 06:00,2025-03-10 06:15,Monday,0.25,0.608252827984559,6073.75595490737,""
2023-10-11 06:00,2023-10-11 06:15,Wednesday,0.25,0.608248697525041,5480.8736155,""
2021-08-31 06:00,2021-08-31 06:15,Tuesday,0.25,0.608215496071188,5644.114508,""
2025-09-10 12:15,2025-09-10 12:30,Wednesday,0.25,0.608041562251019,6463.05745728802,""
2021-04-10 00:45,2021-04-10 01:00,Saturday,0.25,0.607979770268676,5593.864063,""
2024-11-21 07:15,2024-11-21 07:30,Thursday,0.25,0.607781902037813,8552.5159455,""
2025-10-08 07:00,2025-10-08 07:15,Wednesday,0.25,0.607693719923775,6807.11442003114,""
2022-11-20 17:00,2022-11-20 17:15,Sunday,0.25,0.607561939727362,6739.4894795,""
2025-04-22 06:00,2025-04-22 06:15,Tuesday,0.25,0.6073394730229,5741.44514405804,""
2025-09-04 12:15,2025-09-04 12:30,Thursday,0.25,0.607328881713453,6311.95080128801,""
2022-05-09 11:30,2022-05-09 11:45,Monday,0.25,0.607284784324434,7336.78374,""
2025-03-08 17:45,2025-03-08 18:00,Saturday,0.25,0.607211912321144,6225.74228423456,""
2021-03-28 20:00,2021-03-28 20:15,Sunday,0.25,0.607057058777162,6326.9874485,""
2021-03-03 18:15,2021-03-03 18:30,Wednesday,0.25,0.606970183922657,8117.654697,""
2021-10-31 17:30,2021-10-31 17:45,Sunday,0.25,0.606839298930346,6434.822638,""
2021-05-19 11:30,2021-05-19 11:45,Wednesday,0.25,0.60670104062175,7730.693723,""
2022-06-09 12:30,2022-06-09 12:45,Thursday,0.25,0.606622755874358,6693.9642085,""
2024-09-24 06:00,2024-09-24 06:15,Tuesday,0.25,0.606604312709199,5651.6787915,""
2021-09-14 12:15,2021-09-14 12:30,Tuesday,0.25,0.606582726561445,6915.8795285,""
2024-05-13 12:30,2024-05-13 12:45,Monday,0.25,0.606582226581573,5930.816152,""
2021-11-16 12:15,2021-11-16 12:30,Tuesday,0.25,0.60650641313581,8376.564408,""
2022-03-20 17:45,2022-03-20 18:00,Sunday,0.25,0.606435765786757,6199.243193,""
2021-06-29 12:15,2021-06-29 12:30,Tuesday,0.25,0.606381029237113,7070.7041925,Saints Peter and Paul
2021-11-09 12:15,2021-11-09 12:30,Tuesday,0.25,0.606190099208896,8075.107956,""
2023-03-24 11:30,2023-03-24 11:45,Friday,0.25,0.606181014466271,7790.695324,""
2021-03-10 18:30,2021-03-10 18:45,Wednesday,0.25,0.60611859790622,8000.143236,""
2023-12-04 06:45,2023-12-04 07:00,Monday,0.25,0.606108361940763,8340.4919905,""
2022-05-12 12:30,2022-05-12 12:45,Thursday,0.25,0.605814202511506,6504.11102,""
2022-01-29 04:15,2022-01-29 04:30,Saturday,0.25,0.605456846407125,6379.2753235,""
2024-06-17 12:15,2024-06-17 12:30,Monday,0.25,0.605442540850999,6070.8330365,""
2021-11-21 16:45,2021-11-21 17:00,Sunday,0.25,0.605381323898206,6905.125587,""
2025-11-22 17:00,2025-11-22 17:30,Saturday,0.5,0.605379156604198,8328.8988854289,""
2025-10-26 17:45,2025-10-26 18:00,Sunday,0.25,0.605198874419141,6969.50872908789,""
2022-01-02 17:00,2022-01-02 17:15,Sunday,0.25,0.605187419743993,6635.0506315,Saint Berchtold's Day
2021-11-03 11:30,2021-11-03 11:45,Wednesday,0.25,0.605157325492549,8672.8867265,""
2021-01-16 00:00,2021-01-16 00:15,Saturday,0.25,0.605151043149059,7656.807154,""
2022-03-14 12:15,2022-03-14 12:30,Monday,0.25,0.605069037144804,7436.210132,""
2025-04-03 06:30,2025-04-03 06:45,Thursday,0.25,0.604977850486715,6989.088133221,Battle of Naefels Victory Day
2022-01-14 07:30,2022-01-14 07:45,Friday,0.25,0.60494213563249,9163.7704085,""
2024-02-20 18:15,2024-02-20 18:30,Tuesday,0.25,0.604933117486881,7856.489417,""
2023-01-15 21:45,2023-01-15 22:00,Sunday,0.25,0.604892753595629,6430.335527,""
2025-04-14 06:00,2025-04-14 06:15,Monday,0.25,0.604779708514187,5573.70508805805,""
2023-10-25 05:00,2023-10-25 05:15,Wednesday,0.25,0.604698610200867,5295.2512005,""
2023-10-05 06:00,2023-10-05 06:15,Thursday,0.25,0.604685160809251,5553.2903995,""
2021-09-17 12:15,2021-09-17 12:30,Friday,0.25,0.604438220453908,6791.695491,""
2022-11-22 11:30,2022-11-22 11:45,Tuesday,0.25,0.604358673131607,8530.5246185,""
2021-10-09 00:45,2021-10-09 01:00,Saturday,0.25,0.604320010845559,5338.921183,""
2025-01-12 17:15,2025-01-12 17:30,Sunday,0.25,0.604150207102824,7678.12126422795,""
2022-08-19 11:30,2022-08-19 11:45,Friday,0.25,0.604071084289718,7669.646343,""
2025-11-17 11:30,2025-11-17 11:45,Monday,0.25,0.604050235096259,8381.25857448684,""
2023-10-24 06:00,2023-10-24 06:15,Tuesday,0.25,0.603975822781826,5890.8736195,""
2024-11-20 07:15,2024-11-20 07:30,Wednesday,0.25,0.603923576393136,8101.9121415,""
2023-05-08 06:00,2023-05-08 06:15,Monday,0.25,0.603875492349126,5324.6705995,""
