feature,gain
load_lag168h,0.478576872486848
load_same_hour_mean_4w,0.330199732145123
load_dm1_morning_ratio_w,0.0345166677236773
temp_dm1_last,0.0197786508184509
holiday_share,0.0164979781946926
load_lag336h,0.0143904977882649
doy_sin,0.0119129517674202
day_of_year,0.010873365906809
load_dm1_last,0.00985241316845604
hour,0.00912549127711553
load_lag48h,0.00905348456406441
school_holiday_proxy,0.00829895288804786
doy_cos,0.00768582099864961
load_dm1_morning_mean,0.00591539355343471
daytype,0.00587622241750093
load_lag72h,0.00460510740812751
weekday,0.00429020854612216
temp_dm1_morning_mean,0.00312456177324499
load_dm2_mean,0.00290145420125948
temp_dm2_mean,0.00278470357556741
radiation_lag48h,0.00256913934410444
is_holiday,0.00159920267032299
temp_lag48h,0.00140328284117104
hdd_dm2,0.00118762389788256
holiday_share_prev,0.000741334368505295
month,0.000621687594425311
holiday_share_next,0.000594666973515355
bridge_day,0.000405939439580304
is_weekend,0.000308891068669053
cdd_dm2,0.000171287883538864
day_before_holiday,0.000125174948937227
day_after_holiday,1.12377664716922e-05
