model,interval,nominal,variant,margin_MW,coverage,mean_width_MW,period
lgbm_lagged_weather,0.05-0.95,0.9,raw,0,0.797936616507068,827.274393010022,cv
lgbm_lagged_weather,0.1-0.9,0.8,raw,0,0.661422708618331,587.816746192701,cv
lgbm_lagged_weather,0.05-0.95,0.9,raw,0,0.832012678288431,778.640478869499,test
lgbm_lagged_weather,0.05-0.95,0.9,conformal,108.939439324885,0.923024677382839,996.519357519269,test
lgbm_lagged_weather,0.1-0.9,0.8,raw,0,0.69911704776998,543.349580019651,test
lgbm_lagged_weather,0.1-0.9,0.8,conformal,87.3645817914139,0.838351822503962,718.078743602479,test
lgbm_oracle_weather,0.05-0.95,0.9,raw,0,0.805973552211582,780.908572720284,cv
lgbm_oracle_weather,0.1-0.9,0.8,raw,0,0.668775649794802,538.282460127108,cv
lgbm_oracle_weather,0.05-0.95,0.9,raw,0,0.852841294996604,776.038966104183,test
lgbm_oracle_weather,0.05-0.95,0.9,conformal,87.4923525397362,0.93298618972153,951.023671183656,test
lgbm_oracle_weather,0.1-0.9,0.8,raw,0,0.713380122254924,524.253189282272,test
lgbm_oracle_weather,0.1-0.9,0.8,conformal,72.0443167947096,0.8440117726964,668.341822871692,test
