fold,model,MAE_MW,RMSE_MW,MAPE_pct,n_hours
1,seasonal_naive,247.556816863734,337.685063052277,4.57817508178926,2208
1,linear_calendar,326.118291512776,395.412737436564,6.25738882708513,2208
1,linear_lags_weather,214.724382330509,268.663028906248,4.0149182359823,2208
1,lgbm_no_weather,178.541947933763,236.910377321164,3.27155506251784,2208
1,lgbm_lagged_weather,171.557887110251,224.9431805123,3.16544532436202,2208
1,lgbm_oracle_weather,148.710838816566,194.952250739571,2.76129181429523,2208
2,seasonal_naive,415.78556317938,575.452787484967,6.40908413024802,2209
2,linear_calendar,386.963447693588,489.13800185349,6.2195670635581,2209
2,linear_lags_weather,219.313363583067,290.422941770312,3.36716101795669,2209
2,lgbm_no_weather,201.730609117906,266.115858756913,3.12052013213911,2209
2,lgbm_lagged_weather,201.658463353789,265.9294715355,3.10294771922329,2209
2,lgbm_oracle_weather,149.149004685218,198.682945471478,2.2983471763222,2209
3,seasonal_naive,445.456289321404,644.567408244155,6.48611845104598,2183
3,linear_calendar,474.22810469083,560.441881219576,7.28738578039717,2183
3,linear_lags_weather,252.731792433763,334.149534366601,3.75501106398894,2183
3,lgbm_no_weather,257.94585676688,344.903001599138,3.80160886176712,2183
3,lgbm_lagged_weather,245.421490964024,338.159306493228,3.61051518192187,2183
3,lgbm_oracle_weather,160.607894612765,225.817015391857,2.35275725443411,2183
4,seasonal_naive,432.953921642743,626.35430587761,7.60711745832692,2184
4,linear_calendar,390.201985474749,520.432553295089,7.21600031330043,2184
4,linear_lags_weather,265.179936079848,350.566711779382,4.74268800282959,2184
4,lgbm_no_weather,268.072705039736,363.637292871176,4.72506085237917,2184
4,lgbm_lagged_weather,244.433684425628,332.958931285498,4.26934734042807,2184
4,lgbm_oracle_weather,178.563686828049,244.863154128977,3.15268565811072,2184
5,seasonal_naive,237.98658069084,318.854340207349,4.41932362143649,2208
5,linear_calendar,298.548939689126,374.551682217474,5.68692534810179,2208
5,linear_lags_weather,211.068890533946,277.596804066649,3.9694932241145,2208
5,lgbm_no_weather,160.665538608549,222.877900112357,2.96380255457627,2208
5,lgbm_lagged_weather,156.516983168164,219.805702270487,2.9046495218368,2208
5,lgbm_oracle_weather,123.616181605796,170.715621609251,2.32068394800263,2208
6,seasonal_naive,332.263268362607,445.513143827591,4.87173029561808,2209
6,linear_calendar,344.960727509136,429.340592353765,5.32180741271437,2209
6,linear_lags_weather,229.375953660627,298.966873498108,3.42882184624198,2209
6,lgbm_no_weather,228.5565000941,312.20908903669,3.39096763225287,2209
6,lgbm_lagged_weather,207.483722381447,276.441063859303,3.09529250009577,2209
6,lgbm_oracle_weather,155.646218732594,220.821180166511,2.3208953828118,2209
7,seasonal_naive,509.068262974813,627.131730612446,7.49477939063008,2159
7,linear_calendar,369.182553420372,463.692407611691,5.4692063211651,2159
7,linear_lags_weather,283.031374492595,377.035280548006,4.1466497434789,2159
7,lgbm_no_weather,283.403864239444,364.574472125373,4.12852365694977,2159
7,lgbm_lagged_weather,264.983076263748,349.373606179444,3.87462547733793,2159
7,lgbm_oracle_weather,180.021302299709,235.76111871605,2.63109975117249,2159
8,seasonal_naive,413.193384141983,606.850945168949,7.52893142750879,2184
8,linear_calendar,407.330486820769,541.317280745909,7.61402897566972,2184
8,linear_lags_weather,268.507275224809,360.074776074785,4.88776352180161,2184
8,lgbm_no_weather,233.151687764848,330.219136117253,4.18836011249536,2184
8,lgbm_lagged_weather,231.663476558295,327.522827403874,4.15827544906853,2184
8,lgbm_oracle_weather,158.165291937608,222.586802179252,2.86928151506075,2184
