seed,method,point_precision,point_recall,event_recall,event_recall_spike,event_recall_drop,event_recall_level_shift,event_recall_flatline,event_precision,flagged_events
0,residual,0.7429577464788732,0.38086642599277976,0.675,0.6,0.8,0.7,0.6,0.7777777777777778,36.0
0,isolation_forest,0.48226950354609927,0.12274368231046931,0.75,1.0,1.0,1.0,0.0,0.4838709677419355,62.0
0,flatline_rule,0.9532710280373832,0.36823104693140796,0.25,0.0,0.0,0.0,1.0,1.0,10.0
0,residual_or_isolation_forest,0.6392572944297082,0.43501805054151627,0.9,1.0,1.0,1.0,0.6,0.5882352941176471,68.0
0,all_three_combined,0.7276119402985075,0.703971119133574,1.0,1.0,1.0,1.0,1.0,0.6470588235294118,68.0
1,residual,0.646551724137931,0.2613240418118467,0.45,0.2,0.7,0.5,0.4,0.72,25.0
1,isolation_forest,0.4794520547945205,0.12195121951219512,0.75,1.0,1.0,1.0,0.0,0.5161290322580645,62.0
1,flatline_rule,0.9547511312217195,0.367595818815331,0.25,0.0,0.0,0.0,1.0,1.0,10.0
1,residual_or_isolation_forest,0.5597667638483965,0.3344947735191638,0.85,1.0,1.0,1.0,0.4,0.546875,64.0
1,all_three_combined,0.7007434944237918,0.6567944250871081,1.0,1.0,1.0,1.0,1.0,0.5942028985507246,69.0
2,residual,0.6507936507936508,0.31001890359168244,0.5,0.5,0.6,0.6,0.3,0.6666666666666666,30.0
2,isolation_forest,0.5352112676056338,0.14366729678638943,0.75,1.0,1.0,1.0,0.0,0.5254237288135594,59.0
2,flatline_rule,0.9519230769230769,0.3742911153119093,0.25,0.0,0.0,0.0,1.0,1.0,10.0
2,residual_or_isolation_forest,0.5903954802259888,0.3950850661625709,0.825,1.0,1.0,1.0,0.3,0.5223880597014925,67.0
2,all_three_combined,0.7053231939163498,0.7013232514177694,1.0,1.0,1.0,1.0,1.0,0.6086956521739131,69.0
3,residual,0.5720338983050848,0.25139664804469275,0.425,0.2,0.7,0.6,0.2,0.6428571428571429,28.0
3,isolation_forest,0.45985401459854014,0.11731843575418995,0.75,1.0,1.0,1.0,0.0,0.46875,64.0
3,flatline_rule,0.9512195121951219,0.36312849162011174,0.25,0.0,0.0,0.0,1.0,1.0,10.0
3,residual_or_isolation_forest,0.5073313782991202,0.3221601489757914,0.8,1.0,1.0,1.0,0.2,0.4594594594594595,74.0
3,all_three_combined,0.6583011583011583,0.6350093109869647,1.0,1.0,1.0,1.0,1.0,0.5675675675675675,74.0
4,residual,0.7696629213483146,0.4807017543859649,0.675,0.5,0.8,0.9,0.5,0.717948717948718,39.0
4,isolation_forest,0.4825174825174825,0.12105263157894737,0.75,1.0,1.0,1.0,0.0,0.484375,64.0
4,flatline_rule,0.9504950495049505,0.3368421052631579,0.25,0.0,0.0,0.0,1.0,1.0,10.0
4,residual_or_isolation_forest,0.6681514476614699,0.5263157894736842,0.875,1.0,1.0,1.0,0.5,0.5428571428571428,70.0
4,all_three_combined,0.736318407960199,0.7789473684210526,1.0,1.0,1.0,1.0,1.0,0.6142857142857143,70.0
