start_local,end_local,weekday,duration_h,max_score,mean_actual_MW,mean_expected_MW,mean_deviation_MW,mean_deviation_pct,abs_deviation_MWh,holidays
2024-04-22 05:00,2024-04-22 22:00,Monday,17.0,1.1215572007448236,7536.350686095589,6669.026192046375,867.3244940492124,12.987142340325578,14744.51639883639,
2023-08-22 06:00,2023-08-23 02:00,Tuesday,20.0,8.007856790828402,6432.9072459812505,5927.40388543791,505.5033605433406,8.52081926984771,10110.067210866666,
2024-04-19 08:00,2024-04-19 23:00,Friday,15.0,1.1041838690157748,7123.1005436333335,6530.966378271086,592.1341653622479,9.075384879368013,8882.012480433612,
2025-05-05 10:00,2025-05-05 17:00,Monday,7.0,0.8229523611918319,7034.534457875255,6015.2623801321115,1019.2720777431434,17.07192457225398,7134.904544201944,
2023-07-31 11:00,2023-07-31 16:00,Monday,5.0,0.8182308573204643,4871.744682,5701.22816047742,-829.4834784774199,-14.55331626640161,4147.417392386945,
2024-11-22 12:00,2024-11-22 16:00,Friday,4.0,1.0030483410062303,8988.1644690625,7952.917929225325,1035.2465398371755,13.015605570570113,4140.986159348611,
2023-08-17 11:00,2023-08-17 18:00,Thursday,7.0,1.112125758720383,6555.440876660714,6077.390649808634,478.05022685208,7.9063903701580704,3346.3515879644447,
2023-10-20 11:00,2023-10-20 16:00,Friday,5.0,0.8939450465010416,7247.326276725001,6584.370962456758,662.9553142682428,10.186191899739727,3314.7765713411113,
2023-11-12 09:00,2023-11-12 15:00,Sunday,6.0,1.5588634715080263,6521.263326416668,6006.713983959682,514.5493424569845,8.562375743125918,3087.2960547416665,
2024-09-15 14:00,2024-09-15 18:00,Sunday,4.0,0.9360704092740222,4319.39174459375,5027.552797226249,-708.1610526324987,-14.133745123813588,2832.6442105297224,
2023-08-24 17:00,2023-08-25 01:00,Thursday,8.0,1.8353988440859383,6304.6763539375,5951.97478349684,352.70157044065957,5.806828762737852,2821.612563525,
2024-01-08 12:00,2024-01-08 14:00,Monday,2.0,0.6562374526327687,9128.6048380625,7719.399847394978,1409.2049906675215,18.260657009369197,2818.409981335,
2024-05-10 08:00,2024-05-10 12:00,Friday,4.0,0.6586444254598223,5289.398527843749,5988.002278723967,-698.6037508802169,-11.650427241924517,2794.415003520833,
2024-11-21 13:00,2024-11-21 16:00,Thursday,3.0,0.7710906245375536,9070.699807916666,8204.07288182567,866.6269260909961,10.568976949345773,2599.8807782727777,
2023-08-25 06:00,2023-08-25 13:00,Friday,7.0,1.305912457750857,6840.398721767856,6471.122526654588,369.27619511326924,5.685734396913766,2584.9333657927777,
2025-05-06 12:00,2025-05-06 15:00,Tuesday,3.0,0.6867617369338334,7056.700997347955,6214.576035280053,842.1249620679037,13.554447707365904,2526.374886203611,
2024-07-13 13:00,2024-07-13 18:00,Saturday,5.0,1.1881915123778028,4697.5478183,5184.496107123147,-486.9482888231467,-9.391810607255529,2434.7414441155556,
2025-05-01 13:00,2025-05-01 16:00,Thursday,3.0,0.74742463520559,4851.598287949687,5585.946222540394,-734.3479345907066,-13.144766974346588,2203.0438037719446,Labor Day
2024-04-09 01:00,2024-04-09 06:00,Tuesday,5.0,1.1385688234398184,4621.117188175,5001.0258685134895,-379.90868033849017,-7.622734976597896,1899.5434016922222,
2023-08-23 20:00,2023-08-24 02:00,Wednesday,6.0,2.1219422793963414,5833.554583916666,5548.962648994125,284.59193492254235,5.016871767927658,1707.551609535,
2023-08-21 20:00,2023-08-22 01:00,Monday,5.0,1.598062537199802,5878.401234125,5555.0671755922785,323.33405853272086,5.712763679429445,1616.6702926633334,
2023-08-15 19:00,2023-08-15 23:00,Tuesday,4.0,1.1994463460812024,5796.5930288125,5397.80678067792,398.78624813457986,7.384076522921898,1595.1449925380555,Assumption Day
2023-11-04 13:00,2023-11-04 16:00,Saturday,3.0,0.9315075414164206,6575.882974916666,6067.225183701077,508.657791215589,8.388208435074652,1525.9733736466667,
2024-07-14 10:00,2024-07-14 13:00,Sunday,3.0,0.7952513474255261,4123.981601708333,4627.655483211806,-503.67388150347296,-10.88083368225404,1511.0216445102778,
2025-10-25 13:00,2025-10-25 17:00,Saturday,4.0,0.7607321854536038,6370.720200481817,6022.615624523027,348.1045759587905,5.777843846240994,1392.418303835,
2023-07-22 18:00,2023-07-22 23:00,Saturday,5.0,0.9325675381694514,4767.1643714,5034.324844224163,-267.1604728241631,-5.299352763605658,1335.8023641205555,
2023-10-24 14:00,2023-10-24 16:00,Tuesday,2.0,0.646578666430696,7388.9133465625,6755.674458417461,633.2388881450393,9.372252588344058,1266.47777629,
2023-11-12 00:00,2023-11-12 03:00,Sunday,3.0,1.0801908230188053,5865.436074458335,5447.708435952268,417.7276385060656,7.7079691260715775,1253.1829155180556,
2025-09-27 09:00,2025-09-27 11:00,Saturday,2.0,0.7026177307691238,5803.12084920512,5233.990577119774,569.130272085346,10.873730563823218,1138.2605441705555,
2023-07-25 20:00,2023-07-25 23:00,Tuesday,3.0,0.7953493935200986,5096.038449333332,5475.1361849092755,-379.097735575943,-6.9214775528613615,1137.2932067277777,
2025-01-08 08:00,2025-01-08 09:00,Wednesday,1.0,0.6580283846698157,8419.270848472557,7364.480211543601,1054.7906369289558,14.322675961238964,1054.790636928889,
2023-08-26 09:00,2023-08-26 15:00,Saturday,6.0,1.252778646635461,5700.4141415,5543.800675454138,156.6134660458612,2.7999761054237005,939.680796275,
2025-08-22 06:00,2025-08-22 08:00,Friday,2.0,1.2207741019786718,5852.314871277868,5387.0761276729945,465.2387436048739,8.538439290367704,930.4774872097222,
2023-10-30 22:00,2023-10-31 01:00,Monday,3.0,0.6964809587582833,5716.322470083333,5415.506733503832,300.8157365795011,5.503605429728673,902.4472097383333,
2024-04-05 06:00,2024-04-05 07:00,Friday,1.0,0.624743802430935,6344.493082375,5637.301244415395,707.1918379596054,12.544865127798282,707.1918379594445,
2023-08-16 20:00,2023-08-16 22:00,Wednesday,2.0,0.7672142979845253,5980.490686749999,5677.575505620856,302.9151811291431,5.342058961565687,605.8303622580555,
2024-08-22 07:00,2024-08-22 08:00,Thursday,1.0,0.9401211656609125,6154.767879375,5581.093431782034,573.6744475929663,10.278889873552844,573.6744475927778,
2024-04-06 13:00,2024-04-06 14:00,Saturday,1.0,0.6582948210318976,4702.02117175,5224.20909661189,-522.1879248618907,-9.995540285716178,522.1879248616667,
2024-06-16 12:00,2024-06-16 13:00,Sunday,1.0,0.6724570158560509,4311.70545275,4805.32786450775,-493.62241175774943,-10.272398172945799,493.6224117575,
2024-02-03 13:00,2024-02-03 14:00,Saturday,1.0,0.7187301346749504,5897.464965875,6375.0481724008305,-477.58320652583006,-7.4914446700717745,477.58320652555557,
2025-12-22 04:00,2025-12-22 05:00,Monday,1.0,0.7140197325670525,5380.952456555159,5837.567644135682,-456.6151875805226,-7.822011074068327,456.6151875802778,
2023-08-20 20:00,2023-08-20 22:00,Sunday,2.0,0.8231471021380978,5496.0176301875,5277.1842815825985,218.8333486049014,4.149522290077915,437.6666972097222,
2025-08-08 21:00,2025-08-08 22:00,Friday,1.0,0.6382326387825747,5564.076559440934,5136.271112787021,427.80544665391335,8.329105634413823,427.8054466538889,
2024-04-23 01:00,2024-04-23 02:00,Tuesday,1.0,0.653459402270075,6065.477377125,5675.862585602262,389.6147915227384,6.864415507716114,389.6147915225,
2025-05-05 21:00,2025-05-05 22:00,Monday,1.0,0.7768531601451517,6286.949909785357,5923.312505634373,363.63740415098346,6.139088623216896,363.63740415083333,
2023-08-14 21:00,2023-08-14 22:00,Monday,1.0,0.6956443780365235,5819.821270375,5480.522287150455,339.2989832245448,6.190997234334031,339.29898322444444,
2023-09-02 14:00,2023-09-02 15:00,Saturday,1.0,0.7560890442815209,4835.663065125,5170.075454788739,-334.4123896637393,-6.468230349597561,334.4123896636111,
2023-08-23 06:00,2023-08-23 07:00,Wednesday,1.0,1.462420903883323,5873.8349035,5591.554384047541,282.280519452459,5.048337189705118,282.2805194522222,
2023-09-14 22:00,2023-09-14 23:00,Thursday,1.0,0.7406858524239435,5495.8470075000005,5762.937992390434,-267.0909848904339,-4.634632287265789,267.09098489027775,
2023-07-22 11:00,2023-07-22 12:00,Saturday,1.0,0.6455969097715386,4829.333092375,5089.680824228861,-260.34773185386075,-5.115207433332642,260.3477318536111,
2023-08-24 06:00,2023-08-24 07:00,Thursday,1.0,0.7382710185699254,5837.1516565,5592.362127407382,244.78952909261807,4.377211695446884,244.7895290925,
2025-08-11 21:00,2025-08-11 22:00,Monday,1.0,0.6614650019953185,5936.569950440933,5701.910527695372,234.65942274556073,4.115452559379366,234.65942274555556,
2023-08-26 23:00,2023-08-27 00:00,Saturday,1.0,0.7377248650936504,4747.71912875,4981.6925432703265,-233.97341452032651,-4.6966650889846004,233.97341452027777,
2023-09-13 22:00,2023-09-13 23:00,Wednesday,1.0,0.6494603805412487,5549.2777255,5778.56640031791,-229.28867481790985,-3.9679162431238217,229.28867481777777,
2025-08-12 21:00,2025-08-12 22:00,Tuesday,1.0,0.6442290660678349,6087.998249440932,5873.870552896125,214.1276965448069,3.6454275697177345,214.12769654472223,
2023-09-15 23:00,2023-09-16 00:00,Friday,1.0,0.6818886922572538,5118.21539175,5324.296295148099,-206.0809033980986,-3.8705754145556304,206.08090339805557,
2023-11-27 01:00,2023-11-27 02:00,Monday,1.0,0.7910447868429116,6090.121237375,5898.684778070342,191.43645930465846,3.245409214209337,191.43645930444444,
