,lgbm_no_weather,lgbm_lagged_weather,lgbm_oracle_weather
load_lag168h,377214919961.6094,356438591501.9922,354816915437.3086
load_same_hour_mean_4w,221112700038.6875,245929057227.89062,226596282600.3828
load_dm1_morning_ratio_w,29798747250.585938,25707625797.90625,18103325870.625
load_lag336h,16137948902.5,10717887327.601562,23935029641.496094
holiday_share,10889537775.0,12287510807.0,10838805647.601562
doy_sin,10391736784.601562,8872633945.296875,8377589581.808594
load_dm1_last,10241091586.695312,7337968086.1875,3579826085.6210938
load_lag48h,8925439736.90625,6742933370.40625,7503626074.8984375
day_of_year,8351643135.8984375,8098361322.1015625,8491247879.0
load_dm1_morning_mean,7546692420.8984375,4405719338.59375,1617172115.3789062
hour,7381060766.8984375,6796564125.6015625,9432242703.054688
doy_cos,7086216155.5,5724313800.8046875,2469711878.2890625
school_holiday_proxy,5877109194.0,6180970773.0,4476332494.0
load_dm2_mean,5375626532.1953125,2160970737.8984375,837652392.34375
daytype,4800123741.6015625,4376544993.1015625,7492463357.8046875
load_lag72h,4030338212.8984375,3429832677.3046875,2082109138.1953125
weekday,3849229961.8984375,3195299887.0078125,2335873686.0117188
is_holiday,1666316424.0,1191068074.0,1032928969.0
month,825162737.703125,463025942.203125,208594733.5078125
holiday_share_prev,640778222.703125,552137802.0,374843341.4921875
holiday_share_next,456366148.0,442901324.0,296137400.0
is_weekend,278307469.0,230058617.703125,494777663.203125
bridge_day,196672729.0,302339004.0,337428431.8984375
day_before_holiday,92877535.0,93228905.0,64014750.5
day_after_holiday,12735370.0,8369757.5,2815517.0
temp_dm1_last,,14730918762.703125,866678050.9023438
temp_dm1_morning_mean,,2327138816.1015625,903957857.5195312
temp_dm2_mean,,2074015950.90625,673699465.40625
radiation_lag48h,,1913466036.5,2939092947.109375
temp_lag48h,,1045149456.796875,363124755.640625
hdd_dm2,,884528979.0,259846845.5
cdd_dm2,,127573296.1015625,48971397.296875
temp_d_mean,,,12731309820.601562
hdd_d,,,11826579707.5
temperature_c,,,11404356778.546875
temp_mean_24h,,,6101976131.488281
radiation_wm2,,,3653537759.296875
cdd_d,,,61189518.40625
